Brand,BrandLogin,BrandPassword,FeaturePack,DeviceIP,DeviceMAC,DevicePassword,CustomerName,Edit-CustomerName,CustomerImage,Edit-CustomerImage,Email,Edit-Email,EmailDomain,Edit-EmailDomain,SMSEmail,Edit-SMSEmail,SMSEmailDomain,Edit-SMSEmailDomain,AlternateSMSEmail,Edit-AlternateSMSEmail,AlternateSMSEmailDomain,Edit-AlternateSMSEmailDomain,AlternateEmail,Edit-AlternateEmail,AlternateEmailDomain,Edit-AlternateEmailDomain,FirstName,Edit-FirstName,LastName,Edit-LastName,StreetAddress,Edit-StreetAddress,Industry,Edit-Industry,City,Edit-City,State,Edit-State,Zip,Edit-Zip,Country,Edit-Country,Edit-Timezone,Edit-TimezoneCity,AddContact,Notifications-Severity,Edit-Notifications-Severity,Reports-ReportType,Reports-ReportFormat,Reports-Customer,Reports-CoverPageNotes,Reports-Frequency,Reports-StartDate,Reports-EndDate,Reports-ScheduleStartDate,Reports-ScheduleEndDate,Reports-Notify,Reports-ReportRecipient,Reports-RecipientEmail,Reports-RecipientEmailDomain,Reports-EmailMessage,Reports-PartneredCustomers,Reports-NonPartneredCustomers,Reports-ConnectionSummary,Reports-CustomerAddress,Reports-CustomerContacts,Reports-DeviceCategories,Reports-DeviceSummary,Reports-DeviceDetails,Reports-MarketShare,Reports-Severity,Reports-EmergencyEvents,Reports-AlertEvents,Reports-CriticalEvents,Reports-ErrorEvents,Reports-WarningEvents,Reports-NoticeEvents,Reports-InformationalEvents,Reports-CustomerInformation,Reports-DeviceStatus,Reports-InternetConnectivity,Reports-MonitoredNetwork,Reports-NetworkEvents,Reports-ProductWarranties,Reports-EndOfSaleAndLife,Reports-ServiceContracts,Reports-SecurityAdvisories,Reports-NetworkEvents,Reports-TransmittedNotificationEvents,Reports-InhibitedNotificationEvents,Reports-RetransmittedNotificationEvents,Reports-RemoveFrequency,FeedbackCategory,FeedbackMessage
https://www.t5.l1.cisco.com,jearnold1,Test1234,10k,,,123123,PSP Automation test 1,Test 1,pic1.jpg,pic2.jpg,c0,a0,@rcdn4test-301.cisco.com,@rcdn4test-301.cisco.com,sms0,editsms0,@rcdn4test-301.cisco.com,@rcdn4test-301.cisco.com,altsms0,editaltsms0,@rcdn4test-301.cisco.com,@rcdn4test-301.cisco.com,alt0,editalt0,@rcdn4test-301.cisco.com,@rcdn4test-301.cisco.com,a,John,a,Smith,123 main st.,2200 E. George Bush Hwy,Healthcare,Insurance,a,Richardson,a,TX,1,75080,USA,Albania,America,Atikokan,no,Notice,Warning,Customer Report,PDF,PSP Automation test 1,PSP Automation test 1 PDF,Now,1/1/2011,1/5/2011,,,no,-,,,,yes,yes,yes,yes,yes,yes,no,yes,no,Critical,yes,yes,yes,yes,yes,yes,yes,yes,yes,yes,yes,yes,yes,yes,yes,yes,yes,yes,yes,yes,Every day,Website Overall,"This is a test feedback message, we can write some random stuff in here now COMMAS welcome =)"
,,,,192.168.75.103,f0:ad:4e:00:54:76,123123,PSP Automation test 2,===,pic2.jpg,pic1.jpg,c1,a1,@rcdn4test-301.cisco.com,@rcdn4test-301.cisco.com,sms1,editsms1,@rcdn4test-301.cisco.com,@rcdn4test-301.cisco.com,altsms1,editaltsms1,@rcdn4test-301.cisco.com,@rcdn4test-301.cisco.com,alt1,editalt1,@rcdn4test-301.cisco.com,@rcdn4test-301.cisco.com,b,Bob,a,Something,123 sub st.,2201 E. George Bush Hwy,Insurance,Retail,b,Richardson,b,TX,2,75080,Togo,Antarctica,Africa,Banjul,no,Warning,Error,Customer Inventory,CSV,PSP Automation test 2,PSP Automation test 2 CSV,Every Week,,,1/2/2012,5/5/2015,no,-,,,,yes,yes,yes,yes,yes,yes,yes,yes,no,Critical,yes,yes,yes,yes,yes,yes,yes,yes,yes,yes,yes,yes,yes,yes,yes,yes,yes,yes,yes,yes,,Log In / Registration,"This is a test feedback message, we can write some random stuff in here now COMMAS welcome =)"
,,,,192.168.75.102,,123123,PSP Automation test 3,===,pic1.jpg,===,c2,===,@rcdn4test-301.cisco.com,===,,editsms2,,@rcdn4test-301.cisco.com,altsms2,editaltsms2,@rcdn4test-301.cisco.com,@rcdn4test-301.cisco.com,alt2,editalt2,@rcdn4test-301.cisco.com,@rcdn4test-301.cisco.com,c,===,a,===,123 belt line st.,===,Retail,===,c,===,c,===,3,===,Togo,===,===,===,no,Error,===,Event History (filter by severity),XHTML,PSP Automation test 3,PSP Automation test 3 XHTML,Now,1/3/2012,1/5/2012,,,no,-,,,,yes,yes,yes,yes,yes,no,yes,yes,no,Critical,yes,yes,yes,yes,yes,yes,yes,yes,yes,yes,yes,yes,yes,yes,yes,yes,yes,yes,yes,yes,,Account Activation,"This is a test feedback message, we can write some random stuff in here now COMMAS welcome =)"
,,,,,,123123,PSP Automation test 4,Test 4,pic2.jpg,pic1.jpg,c3,a3,@rcdn4test-301.cisco.com,@rcdn4test-301.cisco.com,sms3,editsms3,@rcdn4test-301.cisco.com,@rcdn4test-301.cisco.com,altsms3,editaltsms3,@rcdn4test-301.cisco.com,@rcdn4test-301.cisco.com,alt3,editalt3,@rcdn4test-301.cisco.com,@rcdn4test-301.cisco.com,d,Ryan,a,Anyways,124 main st.,2203 E. George Bush Hwy,Consumer products,Financial services,d,Richardson,d,TX,4,75080,USA,Bouvet Island,Arctic,Longyearbyen,no,Critical,Alert,Executive Summary,PDF,PSP Automation test 4,PSP Automation test 4 PDF,Now,1/2/2011,1/6/2011,,,no,-,,,,yes,yes,yes,yes,yes,yes,no,yes,no,Critical,yes,yes,yes,yes,yes,yes,yes,yes,yes,yes,yes,yes,yes,yes,yes,yes,yes,yes,yes,yes,,Password Issues,"This is a test feedback message, we can write some random stuff in here now COMMAS welcome =)"
,,,,,,123123,PSP Automation test 5,Test 5,pic1.jpg,pic2.jpg,c4,a4,@rcdn4test-301.cisco.com,@rcdn4test-301.cisco.com,sms4,editsms4,@rcdn4test-301.cisco.com,@rcdn4test-301.cisco.com,altsms4,editaltsms4,@rcdn4test-301.cisco.com,@rcdn4test-301.cisco.com,alt4,editalt4,@rcdn4test-301.cisco.com,@rcdn4test-301.cisco.com,e,Jerry,a,What,124 sub st.,2204 E. George Bush Hwy,Financial services,Utilities,e,Richardson,e,TX,5,75080,Togo,Egypt,Asia,Brunei,no,Alert,Emergency,Notification History,CSV,PSP Automation test 5,PSP Automation test 5 CSV,Every Week,,,1/5/2012,No end Date,no,-,,,,yes,yes,yes,yes,yes,yes,yes,yes,no,Critical,yes,yes,yes,yes,yes,yes,yes,yes,yes,yes,yes,yes,yes,yes,yes,yes,yes,yes,yes,yes,,"Products, Services, and Solutions","This is a test feedback message, we can write some random stuff in here now COMMAS welcome =)"
,,,,,,123123,PSP Automation test 6,Test 6,pic2.jpg,pic1.jpg,c5,a5,@rcdn4test-301.cisco.com,@rcdn4test-301.cisco.com,sms5,editsms5,@rcdn4test-301.cisco.com,@rcdn4test-301.cisco.com,altsms5,editaltsms5,@rcdn4test-301.cisco.com,@rcdn4test-301.cisco.com,alt5,editalt5,@rcdn4test-301.cisco.com,@rcdn4test-301.cisco.com,f,James,a,If,124 belt line st.,2205 E. George Bush Hwy,Utilities,Primary products,f,Richardson,f,TX,6,75080,Togo,Honduras,Atlantic,Azores,no,Emergency,Informational,Customer Report,XHTML,PSP Automation test 6,PSP Automation test 6 XHTML,Every Month,,,1/6/2012,5/7/2015,no,-,,,,yes,yes,yes,yes,yes,no,yes,yes,no,Critical,yes,yes,yes,yes,yes,yes,yes,yes,yes,yes,yes,yes,yes,yes,yes,yes,yes,yes,yes,yes,,Technical Documentation,"This is a test feedback message, we can write some random stuff in here now COMMAS welcome =)"
,,,,,,123123,PSP Automation test 7,Test 7,pic1.jpg,pic2.jpg,c6,a6,@rcdn4test-301.cisco.com,@rcdn4test-301.cisco.com,sms6,editsms6,@rcdn4test-301.cisco.com,@rcdn4test-301.cisco.com,altsms6,editaltsms6,@rcdn4test-301.cisco.com,@rcdn4test-301.cisco.com,alt6,editalt6,@rcdn4test-301.cisco.com,@rcdn4test-301.cisco.com,g,Joe,a,It,125 main st.,2206 E. George Bush Hwy,Primary products,Professional services,g,Richardson,g,TX,7,75080,USA,Mauritania,Australia,Lindeman,no,Informational,Debug,Customer Inventory,PDF,PSP Automation test 7,PSP Automation test 7 PDF,Now,1/3/2011,1/7/2011,,,no,-,,,,yes,yes,yes,yes,yes,yes,no,yes,no,Critical,yes,yes,yes,yes,yes,yes,yes,yes,yes,yes,yes,yes,yes,yes,yes,yes,yes,yes,yes,yes,,Enhancement Request,"This is a test feedback message, we can write some random stuff in here now COMMAS welcome =)"
,,,,,,123123,PSP Automation test 8,Test 8,pic2.jpg,pic1.jpg,c7,a7,@rcdn4test-301.cisco.com,@rcdn4test-301.cisco.com,sms7,editsms7,@rcdn4test-301.cisco.com,@rcdn4test-301.cisco.com,altsms7,editaltsms7,@rcdn4test-301.cisco.com,@rcdn4test-301.cisco.com,alt7,editalt7,@rcdn4test-301.cisco.com,@rcdn4test-301.cisco.com,h,John,a,Matters,125 sub st.,2207 E. George Bush Hwy,Professional services,Chemicals and petroleum,h,Richardson,h,TX,8,75080,Togo,Slovakia,Etc,GMT+5,no,Debug,Notice,Event History (filter by severity),CSV,PSP Automation test 8,PSP Automation test 8 CSV,Every Week,,,1/8/2012,5/8/2015,no,-,,,,yes,yes,yes,yes,yes,yes,yes,yes,no,Critical,yes,yes,yes,yes,yes,yes,yes,yes,yes,yes,yes,yes,yes,yes,yes,yes,yes,yes,yes,yes,,Other,"This is a test feedback message, we can write some random stuff in here now COMMAS welcome =)"
,,,,,,123123,PSP Automation test 9,Test 9,pic1.jpg,pic2.jpg,c8,a8,@rcdn4test-301.cisco.com,@rcdn4test-301.cisco.com,sms8,editsms8,@rcdn4test-301.cisco.com,@rcdn4test-301.cisco.com,altsms8,editaltsms8,@rcdn4test-301.cisco.com,@rcdn4test-301.cisco.com,alt8,editalt8,@rcdn4test-301.cisco.com,@rcdn4test-301.cisco.com,i,Kim,a,Oh,125 belt line st.,2208 E. George Bush Hwy,Chemicals and petroleum,Federal government,i,Richardson,i,TX,9,75080,Togo,Senegal,Europe,Gibraltar,no,Notice,Warning,Executive Summary,XHTML,PSP Automation test 9,PSP Automation test 9 XHTML,Every Month,,,1/9/2012,No end Date,no,-,,,,yes,yes,yes,yes,yes,no,yes,yes,no,Critical,yes,yes,yes,yes,yes,yes,yes,yes,yes,yes,yes,yes,yes,yes,yes,yes,yes,yes,yes,yes,,,
,,,,,,123123,PSP Automation test 10,Test 10,pic2.jpg,pic1.jpg,c9,a9,@rcdn4test-301.cisco.com,@rcdn4test-301.cisco.com,sms9,editsms9,@rcdn4test-301.cisco.com,@rcdn4test-301.cisco.com,altsms9,editaltsms9,@rcdn4test-301.cisco.com,@rcdn4test-301.cisco.com,alt9,editalt9,@rcdn4test-301.cisco.com,@rcdn4test-301.cisco.com,j,Tom,a,Well,126 main st.,2209 E. George Bush Hwy,Federal government,Healthcare,j,Richardson,j,TX,10,75080,USA,Tokelau,Indian,Cocos,no,Warning,Notice,Notification History,PDF,PSP Automation test 10,PSP Automation test 10 PDF,Now,1/4/2011,1/8/2011,,,no,-,,,,yes,yes,yes,yes,yes,yes,no,yes,no,Critical,yes,yes,yes,yes,yes,yes,yes,yes,yes,yes,yes,yes,yes,yes,yes,yes,yes,yes,yes,yes,,,
