Brand,BrandLogin,BrandPassword,DeviceIP,ActivationID,ActivationPassword,CustomerName,Email,EmailDomain,FirstName,LastName,StreetAddress,Industry,City,State,Zip,Country,AddContact,Reports-ReportType,Reports-ReportFormat,Reports-Customer,Reports-CoverPageNotes,Reports-PartneredCustomers,Reports-NonPartneredCustomers,Reports-ConnectionSummary,Reports-CustomerAddress,Reports-CustomerContacts,Reports-DeviceCategories,Reports-DeviceSummary,Reports-DeviceDetails,Reports-MarketShare,Reports-Severity,Reports-EmergencyEvents,Reports-AlertEvents,Reports-CriticalEvents,Reports-ErrorEvents,Reports-WarningEvents,Reports-NoticeEvents,Reports-InformationalEvents,Reports-EventHistoryEventGlossary,Reports-CustomerInformation,Reports-DeviceStatus,Reports-InternetConnectivity,Reports-MonitoredNetwork,Reports-NetworkEvents,Reports-TransmittedNotificationEvents,Reports-InhibitedNotificationEvents,Reports-RetransmittedNotificationEvents,Reports-NotificationHistoryEventGlossary,Reports-Frequency,Reports-StartDate,Reports-EndDate,Reports-ScheduleStartDate,Reports-ScheduleEndDate,Reports-Notify,Reports-ReportRecipient,Reports-RecipientEmail,Reports-RecipientEmailDomain,Reports-EmailMessage
https://1-qa.t4.l1.cisco.com,nhuhoang1,Test1234,192.168.101.198,83433.361,123123,uc101,c1,@www.qa7.l1.cisco.com,a,a,Street101,a,City101,State101,75082-101,USA,yes,Customer Inventory,XHTML,UC 101,Customer Inventory xhtml - 101,yes,yes,yes,yes,yes,yes,yes,yes,yes,,yes,yes,yes,yes,yes,yes,yes,yes,yes,yes,yes,yes,yes,yes,yes,yes,yes,Every Day,4/29/2011,4/27/2011,4/29/2011,No end Date,yes,a a (UC 101),c1,@www.qa7.l1.cisco.com,report inventory xhtml 101
,,,192.168.102.232,45763.361,123123,uc102,c2,@www.qa7.l1.cisco.com,b,a,Street102,b,City102,State102,75082-102,USA,yes,Customer Inventory,XHTML,UC 102,Customer Inventory xhtml - 102,yes,yes,yes,yes,yes,yes,yes,yes,yes,,yes,yes,yes,yes,yes,yes,yes,yes,yes,yes,yes,yes,yes,yes,yes,yes,yes,Every Day,4/29/2011,4/27/2011,4/29/2011,No end Date,yes,b a (UC 102),c2,@www.qa7.l1.cisco.com,report inventory xhtml 102
,,,192.168.103.148,76892.361,123123,uc103,c3,@www.qa7.l1.cisco.com,c,a,Street103,c,City103,State103,75082-103,USA,yes,Customer Inventory,XHTML,UC 103,Customer Inventory xhtml - 103,yes,yes,yes,yes,yes,yes,yes,yes,yes,,yes,yes,yes,yes,yes,yes,yes,yes,yes,yes,yes,yes,yes,yes,yes,yes,yes,Every Day,4/29/2011,4/27/2011,4/29/2011,No end Date,yes,c a (UC 103),c3,@www.qa7.l1.cisco.com,report inventory xhtml 103
,,,192.168.104.235,99378.361,123123,uc104,c4,@www.qa7.l1.cisco.com,d,a,Street104,d,City104,State104,75082-104,USA,yes,Customer Inventory,XHTML,UC 104,Customer Inventory xhtml - 104,yes,yes,yes,yes,yes,yes,yes,yes,yes,,yes,yes,yes,yes,yes,yes,yes,yes,yes,yes,yes,yes,yes,yes,yes,yes,yes,Every Day,4/29/2011,4/27/2011,4/29/2011,No end Date,yes,d a (UC 104),c4,@www.qa7.l1.cisco.com,report inventory xhtml 104
,,,192.168.105.75,78596.361,123123,uc105,c5,@www.qa7.l1.cisco.com,e,a,Street105,e,City105,State105,75082-105,USA,yes,Customer Inventory,XHTML,UC 105,Customer Inventory xhtml - 105,yes,yes,yes,yes,yes,yes,yes,yes,yes,,yes,yes,yes,yes,yes,yes,yes,yes,yes,yes,yes,yes,yes,yes,yes,yes,yes,Every Day,4/29/2011,4/27/2011,4/29/2011,No end Date,yes,e a (UC 105),c5,@www.qa7.l1.cisco.com,report inventory xhtml 105
,,,192.168.106.239,70382.361,123123,uc106,c6,@www.qa7.l1.cisco.com,f,a,Street106,f,City106,State106,75082-106,USA,yes,Customer Inventory,XHTML,UC 106,Customer Inventory xhtml - 106,yes,yes,yes,yes,yes,yes,yes,yes,yes,,yes,yes,yes,yes,yes,yes,yes,yes,yes,yes,yes,yes,yes,yes,yes,yes,yes,Every Day,4/29/2011,4/27/2011,4/29/2011,No end Date,yes,f a (UC 106),c6,@www.qa7.l1.cisco.com,report inventory xhtml 106
,,,192.168.107.12,92008.361,123123,uc107,c7,@www.qa7.l1.cisco.com,g,a,Street107,g,City107,State107,75082-107,USA,yes,Customer Inventory,XHTML,UC 107,Customer Inventory xhtml - 107,yes,yes,yes,yes,yes,yes,yes,yes,yes,,yes,yes,yes,yes,yes,yes,yes,yes,yes,yes,yes,yes,yes,yes,yes,yes,yes,Every Day,4/29/2011,4/27/2011,4/29/2011,No end Date,yes,g a (UC 107),c7,@www.qa7.l1.cisco.com,report inventory xhtml 107
,,,192.168.108.112,35475.361,123123,uc108,c8,@www.qa7.l1.cisco.com,h,a,Street108,h,City108,State108,75082-108,USA,yes,Customer Inventory,XHTML,UC 108,Customer Inventory xhtml - 108,yes,yes,yes,yes,yes,yes,yes,yes,yes,,yes,yes,yes,yes,yes,yes,yes,yes,yes,yes,yes,yes,yes,yes,yes,yes,yes,Every Day,4/29/2011,4/27/2011,4/29/2011,No end Date,yes,h a (UC 108),c8,@www.qa7.l1.cisco.com,report inventory xhtml 108
,,,192.168.109.25,19801.361,123123,uc109,c9,@www.qa7.l1.cisco.com,i,a,Street109,i,City109,State109,75082-109,USA,yes,Customer Inventory,XHTML,UC 109,Customer Inventory xhtml - 109,yes,yes,yes,yes,yes,yes,yes,yes,yes,,yes,yes,yes,yes,yes,yes,yes,yes,yes,yes,yes,yes,yes,yes,yes,yes,yes,Every Day,4/29/2011,4/27/2011,4/29/2011,No end Date,yes,i a (UC 109),c9,@www.qa7.l1.cisco.com,report inventory xhtml 109
,,,192.168.110.58,38058.361,123123,uc110,c10,@www.qa7.l1.cisco.com,j,a,Street110,j,City110,State110,75082-110,USA,yes,Customer Inventory,XHTML,UC 110,Customer Inventory xhtml - 110,yes,yes,yes,yes,yes,yes,yes,yes,yes,,yes,yes,yes,yes,yes,yes,yes,yes,yes,yes,yes,yes,yes,yes,yes,yes,yes,Every Day,4/29/2011,4/27/2011,4/29/2011,No end Date,yes,j a (UC 110),c10,@www.qa7.l1.cisco.com,report inventory xhtml 110
,,,192.168.111.12,80299.361,123123,uc111,c11,@www.qa7.l1.cisco.com,k,a,Street111,k,City111,State111,75082-111,USA,yes,Customer Inventory,XHTML,UC 111,Customer Inventory xhtml - 111,yes,yes,yes,yes,yes,yes,yes,yes,yes,,yes,yes,yes,yes,yes,yes,yes,yes,yes,yes,yes,yes,yes,yes,yes,yes,yes,Every Day,4/29/2011,4/27/2011,4/29/2011,No end Date,yes,k a (UC 111),c11,@www.qa7.l1.cisco.com,report inventory xhtml 111
,,,192.168.112.21,89215.361,123123,uc112,c12,@www.qa7.l1.cisco.com,l,a,Street112,l,City112,State112,75082-112,USA,yes,Customer Inventory,XHTML,UC 112,Customer Inventory xhtml - 112,yes,yes,yes,yes,yes,yes,yes,yes,yes,,yes,yes,yes,yes,yes,yes,yes,yes,yes,yes,yes,yes,yes,yes,yes,yes,yes,Every Day,4/29/2011,4/27/2011,4/29/2011,No end Date,yes,l a (UC 112),c12,@www.qa7.l1.cisco.com,report inventory xhtml 112
,,,192.168.113.21,26033.361,123123,uc113,c13,@www.qa7.l1.cisco.com,m,a,Street113,m,City113,State113,75082-113,USA,yes,Customer Inventory,XHTML,UC 113,Customer Inventory xhtml - 113,yes,yes,yes,yes,yes,yes,yes,yes,yes,,yes,yes,yes,yes,yes,yes,yes,yes,yes,yes,yes,yes,yes,yes,yes,yes,yes,Every Day,4/29/2011,4/27/2011,4/29/2011,No end Date,yes,m a (UC 113),c13,@www.qa7.l1.cisco.com,report inventory xhtml 113
,,,192.168.114.40,1991.361,123123,uc114,c14,@www.qa7.l1.cisco.com,n,a,Street114,n,City114,State114,75082-114,USA,yes,Customer Inventory,XHTML,UC 114,Customer Inventory xhtml - 114,yes,yes,yes,yes,yes,yes,yes,yes,yes,,yes,yes,yes,yes,yes,yes,yes,yes,yes,yes,yes,yes,yes,yes,yes,yes,yes,Every Day,4/29/2011,4/27/2011,4/29/2011,No end Date,yes,n a (UC 114),c14,@www.qa7.l1.cisco.com,report inventory xhtml 114
,,,192.168.115.110,35202.361,123123,uc115,c15,@www.qa7.l1.cisco.com,o,a,Street115,o,City115,State115,75082-115,USA,yes,Customer Inventory,XHTML,UC 115,Customer Inventory xhtml - 115,yes,yes,yes,yes,yes,yes,yes,yes,yes,,yes,yes,yes,yes,yes,yes,yes,yes,yes,yes,yes,yes,yes,yes,yes,yes,yes,Every Day,4/29/2011,4/27/2011,4/29/2011,No end Date,yes,o a (UC 115),c15,@www.qa7.l1.cisco.com,report inventory xhtml 115
,,,192.168.116.210,26339.361,123123,uc116,c16,@www.qa7.l1.cisco.com,p,a,Street116,p,City116,State116,75082-116,USA,yes,Customer Inventory,XHTML,UC 116,Customer Inventory xhtml - 116,yes,yes,yes,yes,yes,yes,yes,yes,yes,,yes,yes,yes,yes,yes,yes,yes,yes,yes,yes,yes,yes,yes,yes,yes,yes,yes,Every Day,4/29/2011,4/27/2011,4/29/2011,No end Date,yes,p a (UC 116),c16,@www.qa7.l1.cisco.com,report inventory xhtml 116
,,,192.168.117.111,76974.361,123123,uc117,c17,@www.qa7.l1.cisco.com,q,a,Street117,q,City117,State117,75082-117,USA,yes,Customer Inventory,XHTML,UC 117,Customer Inventory xhtml - 117,yes,yes,yes,yes,yes,yes,yes,yes,yes,,yes,yes,yes,yes,yes,yes,yes,yes,yes,yes,yes,yes,yes,yes,yes,yes,yes,Every Day,4/29/2011,4/27/2011,4/29/2011,No end Date,yes,q a (UC 117),c17,@www.qa7.l1.cisco.com,report inventory xhtml 117
,,,192.168.118.85,25540.361,123123,uc118,c18,@www.qa7.l1.cisco.com,r,a,Street118,r,City118,State118,75082-118,USA,yes,Customer Inventory,XHTML,UC 118,Customer Inventory xhtml - 118,yes,yes,yes,yes,yes,yes,yes,yes,yes,,yes,yes,yes,yes,yes,yes,yes,yes,yes,yes,yes,yes,yes,yes,yes,yes,yes,Every Day,4/29/2011,4/27/2011,4/29/2011,No end Date,yes,r a (UC 118),c18,@www.qa7.l1.cisco.com,report inventory xhtml 118
,,,192.168.119.118,95507.361,123123,uc119,c19,@www.qa7.l1.cisco.com,s,a,Street119,s,City119,State119,75082-119,USA,yes,Customer Inventory,XHTML,UC 119,Customer Inventory xhtml - 119,yes,yes,yes,yes,yes,yes,yes,yes,yes,,yes,yes,yes,yes,yes,yes,yes,yes,yes,yes,yes,yes,yes,yes,yes,yes,yes,Every Day,4/29/2011,4/27/2011,4/29/2011,No end Date,yes,s a (UC 119),c19,@www.qa7.l1.cisco.com,report inventory xhtml 119
,,,192.168.120.154,65089.361,123123,uc120,c20,@www.qa7.l1.cisco.com,t,a,Street120,t,City120,State120,75082-120,USA,yes,Customer Inventory,XHTML,UC 120,Customer Inventory xhtml - 120,yes,yes,yes,yes,yes,yes,yes,yes,yes,,yes,yes,yes,yes,yes,yes,yes,yes,yes,yes,yes,yes,yes,yes,yes,yes,yes,Every Day,4/29/2011,4/27/2011,4/29/2011,No end Date,yes,t a (UC 120),c20,@www.qa7.l1.cisco.com,report inventory xhtml 120
,,,192.168.121.12,62087.361,123123,uc121,c21,@www.qa7.l1.cisco.com,u,a,Street121,u,City121,State121,75082-121,USA,yes,Customer Inventory,XHTML,UC 121,Customer Inventory xhtml - 121,yes,yes,yes,yes,yes,yes,yes,yes,yes,,yes,yes,yes,yes,yes,yes,yes,yes,yes,yes,yes,yes,yes,yes,yes,yes,yes,Every Day,4/29/2011,4/27/2011,4/29/2011,No end Date,yes,u a (UC 121),c21,@www.qa7.l1.cisco.com,report inventory xhtml 121
,,,192.168.122.12,20942.361,123123,uc122,c22,@www.qa7.l1.cisco.com,v,a,Street122,v,City122,State122,75082-122,USA,yes,Customer Inventory,XHTML,UC 122,Customer Inventory xhtml - 122,yes,yes,yes,yes,yes,yes,yes,yes,yes,,yes,yes,yes,yes,yes,yes,yes,yes,yes,yes,yes,yes,yes,yes,yes,yes,yes,Every Day,4/29/2011,4/27/2011,4/29/2011,No end Date,yes,v a (UC 122),c22,@www.qa7.l1.cisco.com,report inventory xhtml 122
,,,192.168.123.26,97787.361,123123,uc123,c23,@www.qa7.l1.cisco.com,w,a,Street123,w,City123,State123,75082-123,USA,yes,Customer Inventory,XHTML,UC 123,Customer Inventory xhtml - 123,yes,yes,yes,yes,yes,yes,yes,yes,yes,,yes,yes,yes,yes,yes,yes,yes,yes,yes,yes,yes,yes,yes,yes,yes,yes,yes,Every Day,4/29/2011,4/27/2011,4/29/2011,No end Date,yes,w a (UC 123),c23,@www.qa7.l1.cisco.com,report inventory xhtml 123
,,,192.168.124.79,45982.361,123123,uc124,c24,@www.qa7.l1.cisco.com,x,a,Street124,x,City124,State124,75082-124,USA,yes,Customer Inventory,XHTML,UC 124,Customer Inventory xhtml - 124,yes,yes,yes,yes,yes,yes,yes,yes,yes,,yes,yes,yes,yes,yes,yes,yes,yes,yes,yes,yes,yes,yes,yes,yes,yes,yes,Every Day,4/29/2011,4/27/2011,4/29/2011,No end Date,yes,x a (UC 124),c24,@www.qa7.l1.cisco.com,report inventory xhtml 124
,,,192.168.125.32,99081.361,123123,uc125,c25,@www.qa7.l1.cisco.com,y,a,Street125,y,City125,State125,75082-125,USA,yes,Customer Inventory,XHTML,UC 125,Customer Inventory xhtml - 125,yes,yes,yes,yes,yes,yes,yes,yes,yes,,yes,yes,yes,yes,yes,yes,yes,yes,yes,yes,yes,yes,yes,yes,yes,yes,yes,Every Day,4/29/2011,4/27/2011,4/29/2011,No end Date,yes,y a (UC 125),c25,@www.qa7.l1.cisco.com,report inventory xhtml 125
,,,192.168.126.33,21166.361,123123,uc126,c26,@www.qa7.l1.cisco.com,z,a,Street126,z,City126,State126,75082-126,USA,yes,Customer Inventory,XHTML,UC 126,Customer Inventory xhtml - 126,yes,yes,yes,yes,yes,yes,yes,yes,yes,,yes,yes,yes,yes,yes,yes,yes,yes,yes,yes,yes,yes,yes,yes,yes,yes,yes,Every Day,4/29/2011,4/27/2011,4/29/2011,No end Date,yes,z a (UC 126),c26,@www.qa7.l1.cisco.com,report inventory xhtml 126
,,,192.168.127.64,37092.361,123123,uc127,c27,@www.qa7.l1.cisco.com,a,aa,Street127,a,City127,State127,75082-127,USA,yes,Customer Inventory,XHTML,UC 127,Customer Inventory xhtml - 127,yes,yes,yes,yes,yes,yes,yes,yes,yes,,yes,yes,yes,yes,yes,yes,yes,yes,yes,yes,yes,yes,yes,yes,yes,yes,yes,Every Day,4/29/2011,4/27/2011,4/29/2011,No end Date,yes,a aa (UC 127),c27,@www.qa7.l1.cisco.com,report inventory xhtml 127
,,,192.168.128.109,21133.361,123123,uc128,c28,@www.qa7.l1.cisco.com,b,aa,Street128,b,City128,State128,75082-128,USA,yes,Customer Inventory,XHTML,UC 128,Customer Inventory xhtml - 128,yes,yes,yes,yes,yes,yes,yes,yes,yes,,yes,yes,yes,yes,yes,yes,yes,yes,yes,yes,yes,yes,yes,yes,yes,yes,yes,Every Day,4/29/2011,4/27/2011,4/29/2011,No end Date,yes,b aa (UC 128),c28,@www.qa7.l1.cisco.com,report inventory xhtml 128
,,,192.168.129.12,97670.361,123123,uc129,c29,@www.qa7.l1.cisco.com,c,aa,Street129,c,City129,State129,75082-129,USA,yes,Customer Inventory,XHTML,UC 129,Customer Inventory xhtml - 129,yes,yes,yes,yes,yes,yes,yes,yes,yes,,yes,yes,yes,yes,yes,yes,yes,yes,yes,yes,yes,yes,yes,yes,yes,yes,yes,Every Day,4/29/2011,4/27/2011,4/29/2011,No end Date,yes,c aa (UC 129),c29,@www.qa7.l1.cisco.com,report inventory xhtml 129
,,,192.168.130.12,87091.361,123123,uc130,c30,@www.qa7.l1.cisco.com,d,aa,Street130,d,City130,State130,75082-130,USA,yes,Customer Inventory,XHTML,UC 130,Customer Inventory xhtml - 130,yes,yes,yes,yes,yes,yes,yes,yes,yes,,yes,yes,yes,yes,yes,yes,yes,yes,yes,yes,yes,yes,yes,yes,yes,yes,yes,Every Day,4/29/2011,4/27/2011,4/29/2011,No end Date,yes,d aa (UC 130),c30,@www.qa7.l1.cisco.com,report inventory xhtml 130
,,,192.168.131.12,49317.361,123123,uc131,c31,@www.qa7.l1.cisco.com,e,aa,Street131,e,City131,State131,75082-131,USA,yes,Customer Inventory,XHTML,UC 131,Customer Inventory xhtml - 131,yes,yes,yes,yes,yes,yes,yes,yes,yes,,yes,yes,yes,yes,yes,yes,yes,yes,yes,yes,yes,yes,yes,yes,yes,yes,yes,Every Day,4/29/2011,4/27/2011,4/29/2011,No end Date,yes,e aa (UC 131),c31,@www.qa7.l1.cisco.com,report inventory xhtml 131
,,,192.168.132.218,99765.361,123123,uc132,c32,@www.qa7.l1.cisco.com,f,aa,Street132,f,City132,State132,75082-132,USA,yes,Customer Inventory,XHTML,UC 132,Customer Inventory xhtml - 132,yes,yes,yes,yes,yes,yes,yes,yes,yes,,yes,yes,yes,yes,yes,yes,yes,yes,yes,yes,yes,yes,yes,yes,yes,yes,yes,Every Day,4/29/2011,4/27/2011,4/29/2011,No end Date,yes,f aa (UC 132),c32,@www.qa7.l1.cisco.com,report inventory xhtml 132
,,,192.168.133.15,18722.361,123123,uc133,c33,@www.qa7.l1.cisco.com,g,aa,Street133,g,City133,State133,75082-133,USA,yes,Customer Inventory,XHTML,UC 133,Customer Inventory xhtml - 133,yes,yes,yes,yes,yes,yes,yes,yes,yes,,yes,yes,yes,yes,yes,yes,yes,yes,yes,yes,yes,yes,yes,yes,yes,yes,yes,Every Day,4/29/2011,4/27/2011,4/29/2011,No end Date,yes,g aa (UC 133),c33,@www.qa7.l1.cisco.com,report inventory xhtml 133
,,,192.168.134.66,49301.361,123123,uc134,c34,@www.qa7.l1.cisco.com,h,aa,Street134,h,City134,State134,75082-134,USA,yes,Customer Inventory,XHTML,UC 134,Customer Inventory xhtml - 134,yes,yes,yes,yes,yes,yes,yes,yes,yes,,yes,yes,yes,yes,yes,yes,yes,yes,yes,yes,yes,yes,yes,yes,yes,yes,yes,Every Day,4/29/2011,4/27/2011,4/29/2011,No end Date,yes,h aa (UC 134),c34,@www.qa7.l1.cisco.com,report inventory xhtml 134
,,,192.168.135.91,85693.361,123123,uc135,c35,@www.qa7.l1.cisco.com,i,aa,Street135,i,City135,State135,75082-135,USA,yes,Customer Inventory,XHTML,UC 135,Customer Inventory xhtml - 135,yes,yes,yes,yes,yes,yes,yes,yes,yes,,yes,yes,yes,yes,yes,yes,yes,yes,yes,yes,yes,yes,yes,yes,yes,yes,yes,Every Day,4/29/2011,4/27/2011,4/29/2011,No end Date,yes,i aa (UC 135),c35,@www.qa7.l1.cisco.com,report inventory xhtml 135
,,,192.168.136.66,61477.361,123123,uc136,c36,@www.qa7.l1.cisco.com,j,aa,Street136,j,City136,State136,75082-136,USA,yes,Customer Inventory,XHTML,UC 136,Customer Inventory xhtml - 136,yes,yes,yes,yes,yes,yes,yes,yes,yes,,yes,yes,yes,yes,yes,yes,yes,yes,yes,yes,yes,yes,yes,yes,yes,yes,yes,Every Day,4/29/2011,4/27/2011,4/29/2011,No end Date,yes,j aa (UC 136),c36,@www.qa7.l1.cisco.com,report inventory xhtml 136
,,,192.168.137.12,86079.361,123123,uc137,c37,@www.qa7.l1.cisco.com,k,aa,Street137,k,City137,State137,75082-137,USA,yes,Customer Inventory,XHTML,UC 137,Customer Inventory xhtml - 137,yes,yes,yes,yes,yes,yes,yes,yes,yes,,yes,yes,yes,yes,yes,yes,yes,yes,yes,yes,yes,yes,yes,yes,yes,yes,yes,Every Day,4/29/2011,4/27/2011,4/29/2011,No end Date,yes,k aa (UC 137),c37,@www.qa7.l1.cisco.com,report inventory xhtml 137
,,,192.168.138.149,25615.361,123123,uc138,c38,@www.qa7.l1.cisco.com,l,aa,Street138,l,City138,State138,75082-138,USA,yes,Customer Inventory,XHTML,UC 138,Customer Inventory xhtml - 138,yes,yes,yes,yes,yes,yes,yes,yes,yes,,yes,yes,yes,yes,yes,yes,yes,yes,yes,yes,yes,yes,yes,yes,yes,yes,yes,Every Day,4/29/2011,4/27/2011,4/29/2011,No end Date,yes,l aa (UC 138),c38,@www.qa7.l1.cisco.com,report inventory xhtml 138
,,,192.168.139.194,82569.361,123123,uc139,c39,@www.qa7.l1.cisco.com,m,aa,Street139,m,City139,State139,75082-139,USA,yes,Customer Inventory,XHTML,UC 139,Customer Inventory xhtml - 139,yes,yes,yes,yes,yes,yes,yes,yes,yes,,yes,yes,yes,yes,yes,yes,yes,yes,yes,yes,yes,yes,yes,yes,yes,yes,yes,Every Day,4/29/2011,4/27/2011,4/29/2011,No end Date,yes,m aa (UC 139),c39,@www.qa7.l1.cisco.com,report inventory xhtml 139
,,,192.168.140.12,61777.361,123123,uc140,c40,@www.qa7.l1.cisco.com,n,aa,Street140,n,City140,State140,75082-140,USA,yes,Customer Inventory,XHTML,UC 140,Customer Inventory xhtml - 140,yes,yes,yes,yes,yes,yes,yes,yes,yes,,yes,yes,yes,yes,yes,yes,yes,yes,yes,yes,yes,yes,yes,yes,yes,yes,yes,Every Day,4/29/2011,4/27/2011,4/29/2011,No end Date,yes,n aa (UC 140),c40,@www.qa7.l1.cisco.com,report inventory xhtml 140
,,,192.168.141.143,81900.361,123123,uc141-wap,c41,@www.qa7.l1.cisco.com,o,aa,Street141,o,City141,State141,75082-141,USA,yes,Customer Inventory,XHTML,UC 141,Customer Inventory xhtml - 141,yes,yes,yes,yes,yes,yes,yes,yes,yes,,yes,yes,yes,yes,yes,yes,yes,yes,yes,yes,yes,yes,yes,yes,yes,yes,yes,Every Day,4/29/2011,4/27/2011,4/29/2011,No end Date,yes,o aa (UC 141),c41,@www.qa7.l1.cisco.com,report inventory xhtml 141
,,,192.168.142.12,84720.361,123123,uc142,c42,@www.qa7.l1.cisco.com,p,aa,Street142,p,City142,State142,75082-142,USA,yes,Customer Inventory,XHTML,UC 142,Customer Inventory xhtml - 142,yes,yes,yes,yes,yes,yes,yes,yes,yes,,yes,yes,yes,yes,yes,yes,yes,yes,yes,yes,yes,yes,yes,yes,yes,yes,yes,Every Day,4/29/2011,4/27/2011,4/29/2011,No end Date,yes,p aa (UC 142),c42,@www.qa7.l1.cisco.com,report inventory xhtml 142
,,,192.168.143.12,78551.361,123123,uc143-waps,c43,@www.qa7.l1.cisco.com,q,aa,Street143,q,City143,State143,75082-143,USA,yes,Customer Inventory,XHTML,UC 143,Customer Inventory xhtml - 143,yes,yes,yes,yes,yes,yes,yes,yes,yes,,yes,yes,yes,yes,yes,yes,yes,yes,yes,yes,yes,yes,yes,yes,yes,yes,yes,Every Day,4/29/2011,4/27/2011,4/29/2011,No end Date,yes,q aa (UC 143),c43,@www.qa7.l1.cisco.com,report inventory xhtml 143
,,,192.168.144.161,85070.361,123123,uc144-wap,c44,@www.qa7.l1.cisco.com,r,aa,Street144,r,City144,State144,75082-144,USA,yes,Customer Inventory,XHTML,UC 144,Customer Inventory xhtml - 144,yes,yes,yes,yes,yes,yes,yes,yes,yes,,yes,yes,yes,yes,yes,yes,yes,yes,yes,yes,yes,yes,yes,yes,yes,yes,yes,Every Day,4/29/2011,4/27/2011,4/29/2011,No end Date,yes,r aa (UC 144),c44,@www.qa7.l1.cisco.com,report inventory xhtml 144
,,,192.168.145.12,27284.361,123123,uc145,c45,@www.qa7.l1.cisco.com,s,aa,Street145,s,City145,State145,75082-145,USA,yes,Customer Inventory,XHTML,UC 145,Customer Inventory xhtml - 145,yes,yes,yes,yes,yes,yes,yes,yes,yes,,yes,yes,yes,yes,yes,yes,yes,yes,yes,yes,yes,yes,yes,yes,yes,yes,yes,Every Day,4/29/2011,4/27/2011,4/29/2011,No end Date,yes,s aa (UC 145),c45,@www.qa7.l1.cisco.com,report inventory xhtml 145
,,,192.168.146.63,87915.361,123123,uc146,c46,@www.qa7.l1.cisco.com,t,aa,Street146,t,City146,State146,75082-146,USA,yes,Customer Inventory,XHTML,UC 146,Customer Inventory xhtml - 146,yes,yes,yes,yes,yes,yes,yes,yes,yes,,yes,yes,yes,yes,yes,yes,yes,yes,yes,yes,yes,yes,yes,yes,yes,yes,yes,Every Day,4/29/2011,4/27/2011,4/29/2011,No end Date,yes,t aa (UC 146),c46,@www.qa7.l1.cisco.com,report inventory xhtml 146
,,,192.168.147.144,60067.361,123123,uc147,c47,@www.qa7.l1.cisco.com,u,aa,Street147,u,City147,State147,75082-147,USA,yes,Customer Inventory,XHTML,UC 147,Customer Inventory xhtml - 147,yes,yes,yes,yes,yes,yes,yes,yes,yes,,yes,yes,yes,yes,yes,yes,yes,yes,yes,yes,yes,yes,yes,yes,yes,yes,yes,Every Day,4/29/2011,4/27/2011,4/29/2011,No end Date,yes,u aa (UC 147),c47,@www.qa7.l1.cisco.com,report inventory xhtml 147
,,,192.168.148.157,4554.361,123123,uc148,c48,@www.qa7.l1.cisco.com,v,aa,Street148,v,City148,State148,75082-148,USA,yes,Customer Inventory,XHTML,UC 148,Customer Inventory xhtml - 148,yes,yes,yes,yes,yes,yes,yes,yes,yes,,yes,yes,yes,yes,yes,yes,yes,yes,yes,yes,yes,yes,yes,yes,yes,yes,yes,Every Day,4/29/2011,4/27/2011,4/29/2011,No end Date,yes,v aa (UC 148),c48,@www.qa7.l1.cisco.com,report inventory xhtml 148
,,,192.168.149.42,90403.361,123123,uc149,c49,@www.qa7.l1.cisco.com,w,aa,Street149,w,City149,State149,75082-149,USA,yes,Customer Inventory,XHTML,UC 149,Customer Inventory xhtml - 149,yes,yes,yes,yes,yes,yes,yes,yes,yes,,yes,yes,yes,yes,yes,yes,yes,yes,yes,yes,yes,yes,yes,yes,yes,yes,yes,Every Day,4/29/2011,4/27/2011,4/29/2011,No end Date,yes,w aa (UC 149),c49,@www.qa7.l1.cisco.com,report inventory xhtml 149
,,,192.168.150.17,12895.361,123123,uc150,c50,@www.qa7.l1.cisco.com,x,aa,Street150,x,City150,State150,75082-150,USA,yes,Customer Inventory,XHTML,UC 150,Customer Inventory xhtml - 150,yes,yes,yes,yes,yes,yes,yes,yes,yes,,yes,yes,yes,yes,yes,yes,yes,yes,yes,yes,yes,yes,yes,yes,yes,yes,yes,Every Day,4/29/2011,4/27/2011,4/29/2011,No end Date,yes,x aa (UC 150),c50,@www.qa7.l1.cisco.com,report inventory xhtml 150
,,,192.168.151.127,87185.361,123123,uc151,c51,@www.qa7.l1.cisco.com,y,aa,Street151,y,City151,State151,75082-151,USA,yes,Customer Inventory,XHTML,UC 151,Customer Inventory xhtml - 151,yes,yes,yes,yes,yes,yes,yes,yes,yes,,yes,yes,yes,yes,yes,yes,yes,yes,yes,yes,yes,yes,yes,yes,yes,yes,yes,Every Day,4/29/2011,4/27/2011,4/29/2011,No end Date,yes,y aa (UC 151),c51,@www.qa7.l1.cisco.com,report inventory xhtml 151
,,,192.168.152.12,53284.361,123123,uc152,c52,@www.qa7.l1.cisco.com,z,aa,Street152,z,City152,State152,75082-152,USA,yes,Customer Inventory,XHTML,UC 152,Customer Inventory xhtml - 152,yes,yes,yes,yes,yes,yes,yes,yes,yes,,yes,yes,yes,yes,yes,yes,yes,yes,yes,yes,yes,yes,yes,yes,yes,yes,yes,Every Day,4/29/2011,4/27/2011,4/29/2011,No end Date,yes,z aa (UC 152),c52,@www.qa7.l1.cisco.com,report inventory xhtml 152
,,,192.168.153.166,40746.361,123123,uc153,c53,@www.qa7.l1.cisco.com,a,aaa,Street153,a,City153,State153,75082-153,USA,yes,Customer Inventory,XHTML,UC 153,Customer Inventory xhtml - 153,yes,yes,yes,yes,yes,yes,yes,yes,yes,,yes,yes,yes,yes,yes,yes,yes,yes,yes,yes,yes,yes,yes,yes,yes,yes,yes,Every Day,4/29/2011,4/27/2011,4/29/2011,No end Date,yes,a aaa (UC 153),c53,@www.qa7.l1.cisco.com,report inventory xhtml 153
,,,192.168.154.115,76113.361,123123,uc154,c54,@www.qa7.l1.cisco.com,b,aaa,Street154,b,City154,State154,75082-154,USA,yes,Customer Inventory,XHTML,UC 154,Customer Inventory xhtml - 154,yes,yes,yes,yes,yes,yes,yes,yes,yes,,yes,yes,yes,yes,yes,yes,yes,yes,yes,yes,yes,yes,yes,yes,yes,yes,yes,Every Day,4/29/2011,4/27/2011,4/29/2011,No end Date,yes,b aaa (UC 154),c54,@www.qa7.l1.cisco.com,report inventory xhtml 154
,,,192.168.155.132,33937.361,123123,uc155,c55,@www.qa7.l1.cisco.com,c,aaa,Street155,c,City155,State155,75082-155,USA,yes,Customer Inventory,XHTML,UC 155,Customer Inventory xhtml - 155,yes,yes,yes,yes,yes,yes,yes,yes,yes,,yes,yes,yes,yes,yes,yes,yes,yes,yes,yes,yes,yes,yes,yes,yes,yes,yes,Every Day,4/29/2011,4/27/2011,4/29/2011,No end Date,yes,c aaa (UC 155),c55,@www.qa7.l1.cisco.com,report inventory xhtml 155
,,,192.168.156.12,45964.361,123123,uc156,c56,@www.qa7.l1.cisco.com,d,aaa,Street156,d,City156,State156,75082-156,USA,yes,Customer Inventory,XHTML,UC 156,Customer Inventory xhtml - 156,yes,yes,yes,yes,yes,yes,yes,yes,yes,,yes,yes,yes,yes,yes,yes,yes,yes,yes,yes,yes,yes,yes,yes,yes,yes,yes,Every Day,4/29/2011,4/27/2011,4/29/2011,No end Date,yes,d aaa (UC 156),c56,@www.qa7.l1.cisco.com,report inventory xhtml 156
,,,192.168.157.197,72880.361,123123,uc157,c57,@www.qa7.l1.cisco.com,e,aaa,Street157,e,City157,State157,75082-157,USA,yes,Customer Inventory,XHTML,UC 157,Customer Inventory xhtml - 157,yes,yes,yes,yes,yes,yes,yes,yes,yes,,yes,yes,yes,yes,yes,yes,yes,yes,yes,yes,yes,yes,yes,yes,yes,yes,yes,Every Day,4/29/2011,4/27/2011,4/29/2011,No end Date,yes,e aaa (UC 157),c57,@www.qa7.l1.cisco.com,report inventory xhtml 157
,,,192.168.158.123,7716.361,123123,uc158,c58,@www.qa7.l1.cisco.com,f,aaa,Street158,f,City158,State158,75082-158,USA,yes,Customer Inventory,XHTML,UC 158,Customer Inventory xhtml - 158,yes,yes,yes,yes,yes,yes,yes,yes,yes,,yes,yes,yes,yes,yes,yes,yes,yes,yes,yes,yes,yes,yes,yes,yes,yes,yes,Every Day,4/29/2011,4/27/2011,4/29/2011,No end Date,yes,f aaa (UC 158),c58,@www.qa7.l1.cisco.com,report inventory xhtml 158
,,,192.168.159.109,86640.361,123123,uc159,c59,@www.qa7.l1.cisco.com,g,aaa,Street159,g,City159,State159,75082-159,USA,yes,Customer Inventory,XHTML,UC 159,Customer Inventory xhtml - 159,yes,yes,yes,yes,yes,yes,yes,yes,yes,,yes,yes,yes,yes,yes,yes,yes,yes,yes,yes,yes,yes,yes,yes,yes,yes,yes,Every Day,4/29/2011,4/27/2011,4/29/2011,No end Date,yes,g aaa (UC 159),c59,@www.qa7.l1.cisco.com,report inventory xhtml 159
,,,192.168.160.56,6801.361,123123,uc160,c60,@www.qa7.l1.cisco.com,h,aaa,Street160,h,City160,State160,75082-160,USA,yes,Customer Inventory,XHTML,UC 160,Customer Inventory xhtml - 160,yes,yes,yes,yes,yes,yes,yes,yes,yes,,yes,yes,yes,yes,yes,yes,yes,yes,yes,yes,yes,yes,yes,yes,yes,yes,yes,Every Day,4/29/2011,4/27/2011,4/29/2011,No end Date,yes,h aaa (UC 160),c60,@www.qa7.l1.cisco.com,report inventory xhtml 160
,,,192.168.161.12,49039.361,123123,uc161,c61,@www.qa7.l1.cisco.com,i,aaa,Street161,i,City161,State161,75082-161,USA,yes,Customer Inventory,XHTML,UC 161,Customer Inventory xhtml - 161,yes,yes,yes,yes,yes,yes,yes,yes,yes,,yes,yes,yes,yes,yes,yes,yes,yes,yes,yes,yes,yes,yes,yes,yes,yes,yes,Every Day,4/29/2011,4/27/2011,4/29/2011,No end Date,yes,i aaa (UC 161),c61,@www.qa7.l1.cisco.com,report inventory xhtml 161
,,,192.168.162.119,6724.361,123123,uc162,c62,@www.qa7.l1.cisco.com,j,aaa,Street162,j,City162,State162,75082-162,USA,yes,Customer Inventory,XHTML,UC 162,Customer Inventory xhtml - 162,yes,yes,yes,yes,yes,yes,yes,yes,yes,,yes,yes,yes,yes,yes,yes,yes,yes,yes,yes,yes,yes,yes,yes,yes,yes,yes,Every Day,4/29/2011,4/27/2011,4/29/2011,No end Date,yes,j aaa (UC 162),c62,@www.qa7.l1.cisco.com,report inventory xhtml 162
,,,192.168.163.12,63230.361,123123,uc163,c63,@www.qa7.l1.cisco.com,k,aaa,Street163,k,City163,State163,75082-163,USA,yes,Customer Inventory,XHTML,UC 163,Customer Inventory xhtml - 163,yes,yes,yes,yes,yes,yes,yes,yes,yes,,yes,yes,yes,yes,yes,yes,yes,yes,yes,yes,yes,yes,yes,yes,yes,yes,yes,Every Day,4/29/2011,4/27/2011,4/29/2011,No end Date,yes,k aaa (UC 163),c63,@www.qa7.l1.cisco.com,report inventory xhtml 163
,,,192.168.164.175,86688.361,123123,uc164,c64,@www.qa7.l1.cisco.com,l,aaa,Street164,l,City164,State164,75082-164,USA,yes,Customer Inventory,XHTML,UC 164,Customer Inventory xhtml - 164,yes,yes,yes,yes,yes,yes,yes,yes,yes,,yes,yes,yes,yes,yes,yes,yes,yes,yes,yes,yes,yes,yes,yes,yes,yes,yes,Every Day,4/29/2011,4/27/2011,4/29/2011,No end Date,yes,l aaa (UC 164),c64,@www.qa7.l1.cisco.com,report inventory xhtml 164
,,,192.168.165.23,43810.361,123123,uc165,c65,@www.qa7.l1.cisco.com,m,aaa,Street165,m,City165,State165,75082-165,USA,yes,Customer Inventory,XHTML,UC 165,Customer Inventory xhtml - 165,yes,yes,yes,yes,yes,yes,yes,yes,yes,,yes,yes,yes,yes,yes,yes,yes,yes,yes,yes,yes,yes,yes,yes,yes,yes,yes,Every Day,4/29/2011,4/27/2011,4/29/2011,No end Date,yes,m aaa (UC 165),c65,@www.qa7.l1.cisco.com,report inventory xhtml 165
,,,192.168.166.12,32766.361,123123,uc166,c66,@www.qa7.l1.cisco.com,n,aaa,Street166,n,City166,State166,75082-166,USA,yes,Customer Inventory,XHTML,UC 166,Customer Inventory xhtml - 166,yes,yes,yes,yes,yes,yes,yes,yes,yes,,yes,yes,yes,yes,yes,yes,yes,yes,yes,yes,yes,yes,yes,yes,yes,yes,yes,Every Day,4/29/2011,4/27/2011,4/29/2011,No end Date,yes,n aaa (UC 166),c66,@www.qa7.l1.cisco.com,report inventory xhtml 166
,,,192.168.167.12,44534.361,123123,uc167,c67,@www.qa7.l1.cisco.com,o,aaa,Street167,o,City167,State167,75082-167,USA,yes,Customer Inventory,XHTML,UC 167,Customer Inventory xhtml - 167,yes,yes,yes,yes,yes,yes,yes,yes,yes,,yes,yes,yes,yes,yes,yes,yes,yes,yes,yes,yes,yes,yes,yes,yes,yes,yes,Every Day,4/29/2011,4/27/2011,4/29/2011,No end Date,yes,o aaa (UC 167),c67,@www.qa7.l1.cisco.com,report inventory xhtml 167
,,,192.168.168.138,34883.361,123123,uc168,c68,@www.qa7.l1.cisco.com,p,aaa,Street168,p,City168,State168,75082-168,USA,yes,Customer Inventory,XHTML,UC 168,Customer Inventory xhtml - 168,yes,yes,yes,yes,yes,yes,yes,yes,yes,,yes,yes,yes,yes,yes,yes,yes,yes,yes,yes,yes,yes,yes,yes,yes,yes,yes,Every Day,4/29/2011,4/27/2011,4/29/2011,No end Date,yes,p aaa (UC 168),c68,@www.qa7.l1.cisco.com,report inventory xhtml 168
,,,192.168.169.97,56235.361,123123,uc169,c69,@www.qa7.l1.cisco.com,q,aaa,Street169,q,City169,State169,75082-169,USA,yes,Customer Inventory,XHTML,UC 169,Customer Inventory xhtml - 169,yes,yes,yes,yes,yes,yes,yes,yes,yes,,yes,yes,yes,yes,yes,yes,yes,yes,yes,yes,yes,yes,yes,yes,yes,yes,yes,Every Day,4/29/2011,4/27/2011,4/29/2011,No end Date,yes,q aaa (UC 169),c69,@www.qa7.l1.cisco.com,report inventory xhtml 169
,,,192.168.170.12,93733.361,123123,uc170,c70,@www.qa7.l1.cisco.com,r,aaa,Street170,r,City170,State170,75082-170,USA,yes,Customer Inventory,XHTML,UC 170,Customer Inventory xhtml - 170,yes,yes,yes,yes,yes,yes,yes,yes,yes,,yes,yes,yes,yes,yes,yes,yes,yes,yes,yes,yes,yes,yes,yes,yes,yes,yes,Every Day,4/29/2011,4/27/2011,4/29/2011,No end Date,yes,r aaa (UC 170),c70,@www.qa7.l1.cisco.com,report inventory xhtml 170
,,,192.168.171.11,7986.361,123123,uc171,c71,@www.qa7.l1.cisco.com,s,aaa,Street171,s,City171,State171,75082-171,USA,yes,Customer Inventory,XHTML,UC 171,Customer Inventory xhtml - 171,yes,yes,yes,yes,yes,yes,yes,yes,yes,,yes,yes,yes,yes,yes,yes,yes,yes,yes,yes,yes,yes,yes,yes,yes,yes,yes,Every Day,4/29/2011,4/27/2011,4/29/2011,No end Date,yes,s aaa (UC 171),c71,@www.qa7.l1.cisco.com,report inventory xhtml 171
,,,192.168.172.132,91761.361,123123,uc172,c72,@www.qa7.l1.cisco.com,t,aaa,Street172,t,City172,State172,75082-172,USA,yes,Customer Inventory,XHTML,UC 172,Customer Inventory xhtml - 172,yes,yes,yes,yes,yes,yes,yes,yes,yes,,yes,yes,yes,yes,yes,yes,yes,yes,yes,yes,yes,yes,yes,yes,yes,yes,yes,Every Day,4/29/2011,4/27/2011,4/29/2011,No end Date,yes,t aaa (UC 172),c72,@www.qa7.l1.cisco.com,report inventory xhtml 172
,,,192.168.173.153,15841.361,123123,uc173,c73,@www.qa7.l1.cisco.com,u,aaa,Street173,u,City173,State173,75082-173,USA,yes,Customer Inventory,XHTML,UC 173,Customer Inventory xhtml - 173,yes,yes,yes,yes,yes,yes,yes,yes,yes,,yes,yes,yes,yes,yes,yes,yes,yes,yes,yes,yes,yes,yes,yes,yes,yes,yes,Every Day,4/29/2011,4/27/2011,4/29/2011,No end Date,yes,u aaa (UC 173),c73,@www.qa7.l1.cisco.com,report inventory xhtml 173
,,,192.168.174.182,13488.361,123123,uc174,c74,@www.qa7.l1.cisco.com,v,aaa,Street174,v,City174,State174,75082-174,USA,yes,Customer Inventory,XHTML,UC 174,Customer Inventory xhtml - 174,yes,yes,yes,yes,yes,yes,yes,yes,yes,,yes,yes,yes,yes,yes,yes,yes,yes,yes,yes,yes,yes,yes,yes,yes,yes,yes,Every Day,4/29/2011,4/27/2011,4/29/2011,No end Date,yes,v aaa (UC 174),c74,@www.qa7.l1.cisco.com,report inventory xhtml 174
,,,192.168.175.106,3161.361,123123,uc175,c75,@www.qa7.l1.cisco.com,w,aaa,Street175,w,City175,State175,75082-175,USA,yes,Customer Inventory,XHTML,UC 175,Customer Inventory xhtml - 175,yes,yes,yes,yes,yes,yes,yes,yes,yes,,yes,yes,yes,yes,yes,yes,yes,yes,yes,yes,yes,yes,yes,yes,yes,yes,yes,Every Day,4/29/2011,4/27/2011,4/29/2011,No end Date,yes,w aaa (UC 175),c75,@www.qa7.l1.cisco.com,report inventory xhtml 175
,,,192.168.176.100,10636.361,123123,uc176,c76,@www.qa7.l1.cisco.com,x,aaa,Street176,x,City176,State176,75082-176,USA,yes,Customer Inventory,XHTML,UC 176,Customer Inventory xhtml - 176,yes,yes,yes,yes,yes,yes,yes,yes,yes,,yes,yes,yes,yes,yes,yes,yes,yes,yes,yes,yes,yes,yes,yes,yes,yes,yes,Every Day,4/29/2011,4/27/2011,4/29/2011,No end Date,yes,x aaa (UC 176),c76,@www.qa7.l1.cisco.com,report inventory xhtml 176
,,,192.168.177.120,76387.361,123123,uc177,c77,@www.qa7.l1.cisco.com,y,aaa,Street177,y,City177,State177,75082-177,USA,yes,Customer Inventory,XHTML,UC 177,Customer Inventory xhtml - 177,yes,yes,yes,yes,yes,yes,yes,yes,yes,,yes,yes,yes,yes,yes,yes,yes,yes,yes,yes,yes,yes,yes,yes,yes,yes,yes,Every Day,4/29/2011,4/27/2011,4/29/2011,No end Date,yes,y aaa (UC 177),c77,@www.qa7.l1.cisco.com,report inventory xhtml 177
,,,192.168.180.128,93477.361,123123,uc178,c78,@www.qa7.l1.cisco.com,z,aaa,Street178,z,City178,State178,75082-178,USA,yes,Customer Inventory,XHTML,UC 178,Customer Inventory xhtml - 178,yes,yes,yes,yes,yes,yes,yes,yes,yes,,yes,yes,yes,yes,yes,yes,yes,yes,yes,yes,yes,yes,yes,yes,yes,yes,yes,Every Day,4/29/2011,4/27/2011,4/29/2011,No end Date,yes,z aaa (UC 178),c78,@www.qa7.l1.cisco.com,report inventory xhtml 178
,,,192.168.179.33,51328.361,123123,uc179,c79,@www.qa7.l1.cisco.com,a,b,Street179,a,City179,State179,75082-179,USA,yes,Customer Inventory,XHTML,UC 179,Customer Inventory xhtml - 179,yes,yes,yes,yes,yes,yes,yes,yes,yes,,yes,yes,yes,yes,yes,yes,yes,yes,yes,yes,yes,yes,yes,yes,yes,yes,yes,Every Day,4/29/2011,4/27/2011,4/29/2011,No end Date,yes,a b (UC 179),c79,@www.qa7.l1.cisco.com,report inventory xhtml 179
,,,192.168.180.119,70422.361,123123,uc180,c80,@www.qa7.l1.cisco.com,b,b,Street180,b,City180,State180,75082-180,USA,yes,Customer Inventory,XHTML,UC 180,Customer Inventory xhtml - 180,yes,yes,yes,yes,yes,yes,yes,yes,yes,,yes,yes,yes,yes,yes,yes,yes,yes,yes,yes,yes,yes,yes,yes,yes,yes,yes,Every Day,4/29/2011,4/27/2011,4/29/2011,No end Date,yes,b b (UC 180),c80,@www.qa7.l1.cisco.com,report inventory xhtml 180
,,,192.168.181.101,67436.361,123123,sa181,c81,@www.qa7.l1.cisco.com,c,b,Street181,c,City181,State181,75082-181,USA,yes,Customer Inventory,XHTML,SA 181,Customer Inventory xhtml - 181,yes,yes,yes,yes,yes,yes,yes,yes,yes,,yes,yes,yes,yes,yes,yes,yes,yes,yes,yes,yes,yes,yes,yes,yes,yes,yes,Every Day,4/29/2011,4/27/2011,4/29/2011,No end Date,yes,c b (SA 181),c81,@www.qa7.l1.cisco.com,report inventory xhtml 181
,,,192.168.182.101,58011.361,123123,sa182,c82,@www.qa7.l1.cisco.com,d,b,Street182,d,City182,State182,75082-182,USA,yes,Customer Inventory,XHTML,SA 182,Customer Inventory xhtml - 182,yes,yes,yes,yes,yes,yes,yes,yes,yes,,yes,yes,yes,yes,yes,yes,yes,yes,yes,yes,yes,yes,yes,yes,yes,yes,yes,Every Day,4/29/2011,4/27/2011,4/29/2011,No end Date,yes,d b (SA 182),c82,@www.qa7.l1.cisco.com,report inventory xhtml 182
,,,192.168.183.100,26141.361,123123,sa183,c83,@www.qa7.l1.cisco.com,e,b,Street183,e,City183,State183,75082-183,USA,yes,Customer Inventory,XHTML,SA 183,Customer Inventory xhtml - 183,yes,yes,yes,yes,yes,yes,yes,yes,yes,,yes,yes,yes,yes,yes,yes,yes,yes,yes,yes,yes,yes,yes,yes,yes,yes,yes,Every Day,4/29/2011,4/27/2011,4/29/2011,No end Date,yes,e b (SA 183),c83,@www.qa7.l1.cisco.com,report inventory xhtml 183
,,,192.168.184.100,100.361,123123,sa184,c84,@www.qa7.l1.cisco.com,f,b,Street184,f,City184,State184,75082-184,USA,yes,Customer Inventory,XHTML,SA 184,Customer Inventory xhtml - 184,yes,yes,yes,yes,yes,yes,yes,yes,yes,,yes,yes,yes,yes,yes,yes,yes,yes,yes,yes,yes,yes,yes,yes,yes,yes,yes,Every Day,4/29/2011,4/27/2011,4/29/2011,No end Date,yes,f b (SA 184),c84,@www.qa7.l1.cisco.com,report inventory xhtml 184
,,,192.168.185.100,33931.361,123123,sa185,c85,@www.qa7.l1.cisco.com,g,b,Street185,g,City185,State185,75082-185,USA,yes,Customer Inventory,XHTML,SA 185,Customer Inventory xhtml - 185,yes,yes,yes,yes,yes,yes,yes,yes,yes,,yes,yes,yes,yes,yes,yes,yes,yes,yes,yes,yes,yes,yes,yes,yes,yes,yes,Every Day,4/29/2011,4/27/2011,4/29/2011,No end Date,yes,g b (SA 185),c85,@www.qa7.l1.cisco.com,report inventory xhtml 185
,,,192.168.186.100,73604.361,123123,sa186,c86,@www.qa7.l1.cisco.com,h,b,Street186,h,City186,State186,75082-186,USA,yes,Customer Inventory,XHTML,SA 186,Customer Inventory xhtml - 186,yes,yes,yes,yes,yes,yes,yes,yes,yes,,yes,yes,yes,yes,yes,yes,yes,yes,yes,yes,yes,yes,yes,yes,yes,yes,yes,Every Day,4/29/2011,4/27/2011,4/29/2011,No end Date,yes,h b (SA 186),c86,@www.qa7.l1.cisco.com,report inventory xhtml 186
,,,192.168.187.101,34384.361,123123,sa187,c87,@www.qa7.l1.cisco.com,i,b,Street187,i,City187,State187,75082-187,USA,yes,Customer Inventory,XHTML,SA 187,Customer Inventory xhtml - 187,yes,yes,yes,yes,yes,yes,yes,yes,yes,,yes,yes,yes,yes,yes,yes,yes,yes,yes,yes,yes,yes,yes,yes,yes,yes,yes,Every Day,4/29/2011,4/27/2011,4/29/2011,No end Date,yes,i b (SA 187),c87,@www.qa7.l1.cisco.com,report inventory xhtml 187
,,,192.168.188.100,1487.361,123123,sa188,c88,@www.qa7.l1.cisco.com,j,b,Street188,j,City188,State188,75082-188,USA,yes,Customer Inventory,XHTML,SA 188,Customer Inventory xhtml - 188,yes,yes,yes,yes,yes,yes,yes,yes,yes,,yes,yes,yes,yes,yes,yes,yes,yes,yes,yes,yes,yes,yes,yes,yes,yes,yes,Every Day,4/29/2011,4/27/2011,4/29/2011,No end Date,yes,j b (SA 188),c88,@www.qa7.l1.cisco.com,report inventory xhtml 188
,,,192.168.189.100,91368.361,123123,sa189,c89,@www.qa7.l1.cisco.com,k,b,Street189,k,City189,State189,75082-189,USA,yes,Customer Inventory,XHTML,SA 189,Customer Inventory xhtml - 189,yes,yes,yes,yes,yes,yes,yes,yes,yes,,yes,yes,yes,yes,yes,yes,yes,yes,yes,yes,yes,yes,yes,yes,yes,yes,yes,Every Day,4/29/2011,4/27/2011,4/29/2011,No end Date,yes,k b (SA 189),c89,@www.qa7.l1.cisco.com,report inventory xhtml 189
,,,192.168.190.100,50925.361,123123,sa190,c90,@www.qa7.l1.cisco.com,l,b,Street190,l,City190,State190,75082-190,USA,yes,Customer Inventory,XHTML,SA 190,Customer Inventory xhtml - 190,yes,yes,yes,yes,yes,yes,yes,yes,yes,,yes,yes,yes,yes,yes,yes,yes,yes,yes,yes,yes,yes,yes,yes,yes,yes,yes,Every Day,4/29/2011,4/27/2011,4/29/2011,No end Date,yes,l b (SA 190),c90,@www.qa7.l1.cisco.com,report inventory xhtml 190
,,,192.168.191.100,31543.361,123123,sa191,c91,@www.qa7.l1.cisco.com,m,b,Street191,m,City191,State191,75082-191,USA,yes,Customer Inventory,XHTML,SA 191,Customer Inventory xhtml - 191,yes,yes,yes,yes,yes,yes,yes,yes,yes,,yes,yes,yes,yes,yes,yes,yes,yes,yes,yes,yes,yes,yes,yes,yes,yes,yes,Every Day,4/29/2011,4/27/2011,4/29/2011,No end Date,yes,m b (SA 191),c91,@www.qa7.l1.cisco.com,report inventory xhtml 191
,,,192.168.192.100,59420.361,123123,sa192,c92,@www.qa7.l1.cisco.com,n,b,Street192,n,City192,State192,75082-192,USA,yes,Customer Inventory,XHTML,SA 192,Customer Inventory xhtml - 192,yes,yes,yes,yes,yes,yes,yes,yes,yes,,yes,yes,yes,yes,yes,yes,yes,yes,yes,yes,yes,yes,yes,yes,yes,yes,yes,Every Day,4/29/2011,4/27/2011,4/29/2011,No end Date,yes,n b (SA 192),c92,@www.qa7.l1.cisco.com,report inventory xhtml 192
,,,192.168.193.100,35487.361,123123,sa193,c93,@www.qa7.l1.cisco.com,o,b,Street193,o,City193,State193,75082-193,USA,yes,Customer Inventory,XHTML,SA 193,Customer Inventory xhtml - 193,yes,yes,yes,yes,yes,yes,yes,yes,yes,,yes,yes,yes,yes,yes,yes,yes,yes,yes,yes,yes,yes,yes,yes,yes,yes,yes,Every Day,4/29/2011,4/27/2011,4/29/2011,No end Date,yes,o b (SA 193),c93,@www.qa7.l1.cisco.com,report inventory xhtml 193
,,,192.168.194.100,59815.361,123123,sa194,c94,@www.qa7.l1.cisco.com,p,b,Street194,p,City194,State194,75082-194,USA,yes,Customer Inventory,XHTML,SA 194,Customer Inventory xhtml - 194,yes,yes,yes,yes,yes,yes,yes,yes,yes,,yes,yes,yes,yes,yes,yes,yes,yes,yes,yes,yes,yes,yes,yes,yes,yes,yes,Every Day,4/29/2011,4/27/2011,4/29/2011,No end Date,yes,p b (SA 194),c94,@www.qa7.l1.cisco.com,report inventory xhtml 194
,,,192.168.195.100,78163.361,123123,sa195,c95,@www.qa7.l1.cisco.com,q,b,Street195,q,City195,State195,75082-195,USA,yes,Customer Inventory,XHTML,SA 195,Customer Inventory xhtml - 195,yes,yes,yes,yes,yes,yes,yes,yes,yes,,yes,yes,yes,yes,yes,yes,yes,yes,yes,yes,yes,yes,yes,yes,yes,yes,yes,Every Day,4/29/2011,4/27/2011,4/29/2011,No end Date,yes,q b (SA 195),c95,@www.qa7.l1.cisco.com,report inventory xhtml 195
