Brand,BrandLogin,BrandPassword,ServerID,CustomerNumber,CustomerPassword,CustomerName,Email,EmailDomain,FirstName,LastName
https://1-qa.t4.l1.cisco.com,nhuhoang1,Test1234,10088233059,1200,123123,UC 101,c1,@www.qa7.l1.cisco.com,a,a
,,,10088233059,1201,123123,UC 102,c2,@www.qa7.l1.cisco.com,b,a
,,,10088233059,1202,123123,UC 103,c3,@www.qa7.l1.cisco.com,c,a
,,,10088233059,1203,123123,UC 104,c4,@www.qa7.l1.cisco.com,d,a
,,,10088233059,1204,123123,UC 105,c5,@www.qa7.l1.cisco.com,e,a
,,,10088233059,1205,123123,UC 106,c6,@www.qa7.l1.cisco.com,f,a
,,,10088233059,1206,123123,UC 107,c7,@www.qa7.l1.cisco.com,g,a
,,,10088233059,1207,123123,UC 108,c8,@www.qa7.l1.cisco.com,h,a
,,,10088233059,1208,123123,UC 109,c9,@www.qa7.l1.cisco.com,i,a
,,,10088233059,1209,123123,UC 110,c10,@www.qa7.l1.cisco.com,j,a
,,,10088233059,1210,123123,UC 111,c11,@www.qa7.l1.cisco.com,k,a
,,,10088233059,1211,123123,UC 112,c12,@www.qa7.l1.cisco.com,l,a
,,,10088233059,1212,123123,UC 113,c13,@www.qa7.l1.cisco.com,m,a
,,,10088233059,1213,123123,UC 114,c14,@www.qa7.l1.cisco.com,n,a
,,,10088233059,1214,123123,UC 115,c15,@www.qa7.l1.cisco.com,o,a
,,,10088233059,1215,123123,UC 116,c16,@www.qa7.l1.cisco.com,p,a
,,,10088233059,1216,123123,UC 117,c17,@www.qa7.l1.cisco.com,q,a
,,,10088233059,1217,123123,UC 118,c18,@www.qa7.l1.cisco.com,r,a
,,,10088233059,1218,123123,UC 119,c19,@www.qa7.l1.cisco.com,s,a
,,,10088233059,1219,123123,UC 120,c20,@www.qa7.l1.cisco.com,t,a
,,,10088233059,1220,123123,UC 121,c21,@www.qa7.l1.cisco.com,u,a
,,,10088233059,1221,123123,UC 122,c22,@www.qa7.l1.cisco.com,v,a
,,,10088233059,1222,123123,UC 123,c23,@www.qa7.l1.cisco.com,w,a
,,,10088233059,1223,123123,UC 124,c24,@www.qa7.l1.cisco.com,x,a
,,,10088233059,1224,123123,UC 125,c25,@www.qa7.l1.cisco.com,y,a
,,,10088233059,1225,123123,UC 126,c26,@www.qa7.l1.cisco.com,z,a
,,,10088233059,1226,123123,UC 127,c27,@www.qa7.l1.cisco.com,a,aa
,,,10088233059,1227,123123,UC 128,c28,@www.qa7.l1.cisco.com,b,aa
,,,10088233059,1228,123123,UC 129,c29,@www.qa7.l1.cisco.com,c,aa
,,,10088233059,1229,123123,UC 130,c30,@www.qa7.l1.cisco.com,d,aa
,,,10088233059,1230,123123,UC 131,c31,@www.qa7.l1.cisco.com,e,aa
,,,10088233059,1231,123123,UC 132,c32,@www.qa7.l1.cisco.com,f,aa
,,,10088233059,1232,123123,UC 133,c33,@www.qa7.l1.cisco.com,g,aa
,,,10088233059,1233,123123,UC 134,c34,@www.qa7.l1.cisco.com,h,aa
,,,10088233059,1234,123123,UC 135,c35,@www.qa7.l1.cisco.com,i,aa
,,,10088233059,1235,123123,UC 136,c36,@www.qa7.l1.cisco.com,j,aa
,,,10088233059,1236,123123,UC 137,c37,@www.qa7.l1.cisco.com,k,aa
,,,10088233059,1237,123123,UC 138,c38,@www.qa7.l1.cisco.com,l,aa
,,,10088233059,1238,123123,UC 139,c39,@www.qa7.l1.cisco.com,m,aa
,,,10088233059,1239,123123,UC 140,c40,@www.qa7.l1.cisco.com,n,aa
,,,10088233059,1240,123123,UC 141,c41,@www.qa7.l1.cisco.com,o,aa
,,,10088233059,1241,123123,UC 142,c42,@www.qa7.l1.cisco.com,p,aa
,,,10088233059,1242,123123,UC 143,c43,@www.qa7.l1.cisco.com,q,aa
,,,10088233059,1243,123123,UC 144,c44,@www.qa7.l1.cisco.com,r,aa
,,,10088233059,1244,123123,UC 145,c45,@www.qa7.l1.cisco.com,s,aa
,,,10088233059,1245,123123,UC 146,c46,@www.qa7.l1.cisco.com,t,aa
,,,10088233059,1246,123123,UC 147,c47,@www.qa7.l1.cisco.com,u,aa
,,,10088233059,1247,123123,UC 148,c48,@www.qa7.l1.cisco.com,v,aa
,,,10088233059,1248,123123,UC 149,c49,@www.qa7.l1.cisco.com,w,aa
,,,10088233059,1249,123123,UC 150,c50,@www.qa7.l1.cisco.com,x,aa
,,,10088233059,1250,123123,UC 151,c51,@www.qa7.l1.cisco.com,y,aa
,,,10088233059,1251,123123,UC 152,c52,@www.qa7.l1.cisco.com,z,aa
,,,10088233059,1252,123123,UC 153,c53,@www.qa7.l1.cisco.com,a,aaa
,,,10088233059,1253,123123,UC 154,c54,@www.qa7.l1.cisco.com,b,aaa
,,,10088233059,1254,123123,UC 155,c55,@www.qa7.l1.cisco.com,c,aaa
,,,10088233059,1255,123123,UC 156,c56,@www.qa7.l1.cisco.com,d,aaa
,,,10088233059,1256,123123,UC 157,c57,@www.qa7.l1.cisco.com,e,aaa
,,,10088233059,1257,123123,UC 158,c58,@www.qa7.l1.cisco.com,f,aaa
,,,10088233059,1258,123123,UC 159,c59,@www.qa7.l1.cisco.com,g,aaa
,,,10088233059,1259,123123,UC 160,c60,@www.qa7.l1.cisco.com,h,aaa
,,,10088233059,1260,123123,UC 161,c61,@www.qa7.l1.cisco.com,i,aaa
,,,10088233059,1261,123123,UC 162,c62,@www.qa7.l1.cisco.com,j,aaa
,,,10088233059,1262,123123,UC 163,c63,@www.qa7.l1.cisco.com,k,aaa
,,,10088233059,1263,123123,UC 164,c64,@www.qa7.l1.cisco.com,l,aaa
,,,10088233059,1264,123123,UC 165,c65,@www.qa7.l1.cisco.com,m,aaa
,,,10088233059,1265,123123,UC 166,c66,@www.qa7.l1.cisco.com,n,aaa
,,,10088233059,1266,123123,UC 167,c67,@www.qa7.l1.cisco.com,o,aaa
,,,10088233059,1267,123123,UC 168,c68,@www.qa7.l1.cisco.com,p,aaa
,,,10088233059,1268,123123,UC 169,c69,@www.qa7.l1.cisco.com,q,aaa
,,,10088233059,1269,123123,UC 170,c70,@www.qa7.l1.cisco.com,r,aaa
,,,10088233059,1270,123123,UC 171,c71,@www.qa7.l1.cisco.com,s,aaa
,,,10088233059,1271,123123,UC 172,c72,@www.qa7.l1.cisco.com,t,aaa
,,,10088233059,1272,123123,UC 173,c73,@www.qa7.l1.cisco.com,u,aaa
,,,10088233059,1273,123123,UC 174,c74,@www.qa7.l1.cisco.com,v,aaa
,,,10088233059,1274,123123,UC 175,c75,@www.qa7.l1.cisco.com,w,aaa
,,,10088233059,1275,123123,UC 176,c76,@www.qa7.l1.cisco.com,x,aaa
,,,10088233059,1276,123123,UC 177,c77,@www.qa7.l1.cisco.com,y,aaa
,,,10088233059,1277,123123,UC 178,c78,@www.qa7.l1.cisco.com,z,aaa
,,,10088233059,1278,123123,UC 179,c79,@www.qa7.l1.cisco.com,a,b
,,,10088233059,1279,123123,UC 180,c80,@www.qa7.l1.cisco.com,b,b
,,,10088233059,1280,123123,SA 181,c81,@www.qa7.l1.cisco.com,c,b
,,,10088233059,1281,123123,SA 182,c82,@www.qa7.l1.cisco.com,d,b
,,,10088233059,1282,123123,SA 183,c83,@www.qa7.l1.cisco.com,e,b
,,,10088233059,1283,123123,SA 184,c84,@www.qa7.l1.cisco.com,f,b
,,,10088233059,1284,123123,SA 185,c85,@www.qa7.l1.cisco.com,g,b
,,,10088233059,1285,123123,SA 186,c86,@www.qa7.l1.cisco.com,h,b
,,,10088233059,1286,123123,SA 187,c87,@www.qa7.l1.cisco.com,i,b
,,,10088233059,1287,123123,SA 188,c88,@www.qa7.l1.cisco.com,j,b
,,,10088233059,1288,123123,SA 189,c89,@www.qa7.l1.cisco.com,k,b
,,,10088233059,1289,123123,SA 190,c90,@www.qa7.l1.cisco.com,l,b
,,,10088233059,1290,123123,SA 191,c91,@www.qa7.l1.cisco.com,m,b
,,,10088233059,1291,123123,SA 192,c92,@www.qa7.l1.cisco.com,n,b
,,,10088233059,1292,123123,SA 193,c93,@www.qa7.l1.cisco.com,o,b
,,,10088233059,1293,123123,SA 194,c94,@www.qa7.l1.cisco.com,p,b
,,,10088233059,1294,123123,SA 195,c95,@www.qa7.l1.cisco.com,q,b
