Brand,BrandLogin,BrandPassword,DevicePassword,CustomerName,Email,Edit-Email,Edit-EmailDomain,EmailDomain,FirstName,Edit-FirstName,LastName,Edit-LastName,Notifications-Severity,Edit-Notifications-Severity
https://www.t4.l1.cisco.com,jearnold1,Test1234,123123,Test 1,a0,c0,@rcdn4test-301.cisco.com,@rcdn4test-301.cisco.com,John,a,Smith,a,Notice,Warning
,,,123123,Test 2,a1,c1,@rcdn4test-301.cisco.com,@rcdn4test-301.cisco.com,Bob,b,Something,a,Warning,Error
,,,123123,Test 3,a2,c2,@rcdn4test-301.cisco.com,@rcdn4test-301.cisco.com,Tylor,c,Testing,a,Error,Critical
,,,123123,Test 4,a3,c3,@rcdn4test-301.cisco.com,@rcdn4test-301.cisco.com,Ryan,d,Anyways,a,Critical,Alert
,,,123123,Test 5,a4,c4,@rcdn4test-301.cisco.com,@rcdn4test-301.cisco.com,Jerry,e,What,a,Alert,Emergency
,,,123123,Test 6,a5,c5,@rcdn4test-301.cisco.com,@rcdn4test-301.cisco.com,James,f,If,a,Emergency,Informational
,,,123123,Test 7,a6,c6,@rcdn4test-301.cisco.com,@rcdn4test-301.cisco.com,Joe,g,It,a,Informational,Debug
,,,123123,Test 8,a7,c7,@rcdn4test-301.cisco.com,@rcdn4test-301.cisco.com,John,h,Matters,a,Debug,Notice
,,,123123,Test 9,a8,c8,@rcdn4test-301.cisco.com,@rcdn4test-301.cisco.com,Kim,i,Oh,a,Notice,Warning
,,,123123,Test 10,a9,c9,@rcdn4test-301.cisco.com,@rcdn4test-301.cisco.com,Tom,j,Well,a,Warning,Notice
