Brand,BrandLogin,BrandPassword,DeviceIP,DevicePassword,CustomerName,Edit-CustomerName,CustomerImage,Edit-CustomerImage,Email,Edit-Email,EmailDomain,Edit-EmailDomain,SMSEmail,Edit-SMSEmail,SMSEmailDomain,Edit-SMSEmailDomain,AlternateSMSEmail,Edit-AlternateSMSEmail,AlternateSMSEmailDomain,Edit-AlternateSMSEmailDomain,AlternateEmail,Edit-AlternateEmail,AlternateEmailDomain,Edit-AlternateEmailDomain,FirstName,Edit-FirstName,LastName,Edit-LastName,StreetAddress,Edit-StreetAddress,Industry,Edit-Industry,City,Edit-City,State,Edit-State,Zip,Edit-Zip,Country,Edit-Country,Edit-Timezone,Edit-TimezoneCity,AddContact,FeedbackCategory,FeedbackMessage
https://www.t5.l1.cisco.com,jearnold1,Test1234,192.168.75.103,123123,PSP Automation test 1,Test 1,pic1.jpg,pic2.jpg,c0,a0,@rcdn4test-301.cisco.com,@rcdn4test-301.cisco.com,sms0,editsms0,@rcdn4test-301.cisco.com,@rcdn4test-301.cisco.com,altsms0,editaltsms0,@rcdn4test-301.cisco.com,@rcdn4test-301.cisco.com,alt0,editalt0,@rcdn4test-301.cisco.com,@rcdn4test-301.cisco.com,a,John,a,Smith,123 main st.,2200 E. George Bush Hwy,Healthcare,Insurance,a,Richardson,a,TX,1,75080,USA,Albania,America,Atikokan,yes,Account Activation,Test Feedback
,,,192.168.75.102,123123,PSP Automation test 2,Test 2,pic2.jpg,pic3.jpg,c1,a1,@rcdn4test-301.cisco.com,@rcdn4test-301.cisco.com,sms1,editsms1,@rcdn4test-301.cisco.com,@rcdn4test-301.cisco.com,altsms1,editaltsms1,@rcdn4test-301.cisco.com,@rcdn4test-301.cisco.com,alt1,editalt1,@rcdn4test-301.cisco.com,@rcdn4test-301.cisco.com,b,Bob,a,Something,123 sub st.,2201 E. George Bush Hwy,Insurance,Retail,b,Richardson,b,TX,2,75080,Togo,Antarctica,Africa,Banjul,no,,
,,,,123123,PSP Automation test 3,Test 3,pic3.jpg,pic4.jpg,c2,a2,@rcdn4test-301.cisco.com,@rcdn4test-301.cisco.com,,editsms2,,@rcdn4test-301.cisco.com,altsms2,editaltsms2,@rcdn4test-301.cisco.com,@rcdn4test-301.cisco.com,alt2,editalt2,@rcdn4test-301.cisco.com,@rcdn4test-301.cisco.com,c,Tylor,a,Testing,123 belt line st.,2202 E. George Bush Hwy,Retail,Consumer products,c,Richardson,c,TX,3,75080,Togo,Austria,Antarctica,Palmer,no,,
,,,,123123,PSP Automation test 4,Test 4,pic4.jpg,pic5.jpg,c3,a3,@rcdn4test-301.cisco.com,@rcdn4test-301.cisco.com,sms3,editsms3,@rcdn4test-301.cisco.com,@rcdn4test-301.cisco.com,altsms3,editaltsms3,@rcdn4test-301.cisco.com,@rcdn4test-301.cisco.com,alt3,editalt3,@rcdn4test-301.cisco.com,@rcdn4test-301.cisco.com,d,Ryan,a,Anyways,124 main st.,2203 E. George Bush Hwy,Consumer products,Financial services,d,Richardson,d,TX,4,75080,USA,Bouvet Island,Arctic,Longyearbyen,no,,
,,,,123123,PSP Automation test 5,Test 5,pic5.jpg,pic6.jpg,c4,a4,@rcdn4test-301.cisco.com,@rcdn4test-301.cisco.com,sms4,editsms4,@rcdn4test-301.cisco.com,@rcdn4test-301.cisco.com,altsms4,editaltsms4,@rcdn4test-301.cisco.com,@rcdn4test-301.cisco.com,alt4,editalt4,@rcdn4test-301.cisco.com,@rcdn4test-301.cisco.com,e,Jerry,a,What,124 sub st.,2204 E. George Bush Hwy,Financial services,Utilities,e,Richardson,e,TX,5,75080,Togo,Egypt,Asia,Brunei,no,,
,,,,123123,PSP Automation test 6,Test 6,pic6.jpg,pic7.jpg,c5,a5,@rcdn4test-301.cisco.com,@rcdn4test-301.cisco.com,sms5,editsms5,@rcdn4test-301.cisco.com,@rcdn4test-301.cisco.com,altsms5,editaltsms5,@rcdn4test-301.cisco.com,@rcdn4test-301.cisco.com,alt5,editalt5,@rcdn4test-301.cisco.com,@rcdn4test-301.cisco.com,f,James,a,If,124 belt line st.,2205 E. George Bush Hwy,Utilities,Primary products,f,Richardson,f,TX,6,75080,Togo,Honduras,Atlantic,Azores,no,,
,,,,123123,PSP Automation test 7,Test 7,pic7.jpg,pic1.jpg,c6,a6,@rcdn4test-301.cisco.com,@rcdn4test-301.cisco.com,sms6,editsms6,@rcdn4test-301.cisco.com,@rcdn4test-301.cisco.com,altsms6,editaltsms6,@rcdn4test-301.cisco.com,@rcdn4test-301.cisco.com,alt6,editalt6,@rcdn4test-301.cisco.com,@rcdn4test-301.cisco.com,g,Joe,a,It,125 main st.,2206 E. George Bush Hwy,Primary products,Professional services,g,Richardson,g,TX,7,75080,USA,Mauritania,Australia,Lindeman,no,,
,,,,123123,PSP Automation test 8,Test 8,pic1.jpg,pic2.jpg,c7,a7,@rcdn4test-301.cisco.com,@rcdn4test-301.cisco.com,sms7,editsms7,@rcdn4test-301.cisco.com,@rcdn4test-301.cisco.com,altsms7,editaltsms7,@rcdn4test-301.cisco.com,@rcdn4test-301.cisco.com,alt7,editalt7,@rcdn4test-301.cisco.com,@rcdn4test-301.cisco.com,h,John,a,Matters,125 sub st.,2207 E. George Bush Hwy,Professional services,Chemicals and petroleum,h,Richardson,h,TX,8,75080,Togo,Slovakia,Etc,GMT+5,no,,
,,,,123123,PSP Automation test 9,Test 9,pic2.jpg,pic3.jpg,c8,a8,@rcdn4test-301.cisco.com,@rcdn4test-301.cisco.com,sms8,editsms8,@rcdn4test-301.cisco.com,@rcdn4test-301.cisco.com,altsms8,editaltsms8,@rcdn4test-301.cisco.com,@rcdn4test-301.cisco.com,alt8,editalt8,@rcdn4test-301.cisco.com,@rcdn4test-301.cisco.com,i,Kim,a,Oh,125 belt line st.,2208 E. George Bush Hwy,Chemicals and petroleum,Federal government,i,Richardson,i,TX,9,75080,Togo,Senegal,Europe,Gibraltar,no,,
,,,,123123,PSP Automation test 10,Test 10,pic3.jpg,pic4.jpg,c9,a9,@rcdn4test-301.cisco.com,@rcdn4test-301.cisco.com,sms9,editsms9,@rcdn4test-301.cisco.com,@rcdn4test-301.cisco.com,altsms9,editaltsms9,@rcdn4test-301.cisco.com,@rcdn4test-301.cisco.com,alt9,editalt9,@rcdn4test-301.cisco.com,@rcdn4test-301.cisco.com,j,Tom,a,Well,126 main st.,2209 E. George Bush Hwy,Federal government,Healthcare,j,Richardson,j,TX,10,75080,USA,Tokelau,Indian,Cocos,no,,
